income_group,target_pop,hs_constraints,vaccine_doses,vaccine,age_groups_covered,vacc_start,dt,repetition,seeding_cases,vacc_per_week,t_d3,vfr,vfr2,max_Rt_var2_scal,vfr_time1,vfr_time2,vfr2_time1,vfr2_time2,mu_ab_infection,mu_ab_inf_scal_vfr,max_ab,strategy,hosp_scal_vfr,ICU_scal_vfr,hosp_scal_vfr2,ICU_scal_vfr2,omicron_vaccine,end_date,dose_4_fold_increase,vfr_drift_factor,rt_drift_factor,age_groups_covered_d3,age_groups_covered_d4,age_groups_covered_d5,age_groups_covered_d6,age_groups_covered_d7,age_groups_covered_d8,age_groups_covered_d9,t_d4,t_d5,t_d6,t_d7,t_d8,t_d9,scenario,name,mu_ab_d1,mu_ab_d2,k,dose_3_fold_increase,hl_s,hl_l,period_s,period_l,ab_50,ab_50_severe,std10
LMIC,1000000,Present,2,Oxford-AstraZeneca,9,4/1/2021,0.25,1,10,0.02,365,5.1,5.1,1,11/27/2021,12/31/2021,10/1/2022,10/31/2022,1,0.5,5,same_doses,0.3,0.3,0.3,0.3,0,12/31/2023,1,1.05,1.05,9,9,9,9,9,9,9,365,365,366,365,365,365,1,rq2_lmic_drift,0.103687081651056,0.36152700186421255,3.1804021615713367,1.6593148444896824,34.51428287017532,581.3760329248341,75.24835745857536,366.457174120638,0.09092243952375802,0.02105839765119326,0.44
LMIC,1000000,Present,2,Oxford-AstraZeneca,9,4/1/2021,0.25,1,10,0.02,365,5.1,5.1,1,11/27/2021,12/31/2021,10/1/2022,10/31/2022,1,0.5,5,two_doses_only,0.3,0.3,0.3,0.3,0,12/31/2023,1,1.05,1.05,9,9,9,9,9,9,9,365,365,366,365,365,365,2,rq2_lmic_drift,0.103687081651056,0.36152700186421255,3.1804021615713367,1.6593148444896824,34.51428287017532,581.3760329248341,75.24835745857536,366.457174120638,0.09092243952375802,0.02105839765119326,0.44
LMIC,1000000,Present,2,Oxford-AstraZeneca,9,4/1/2021,0.25,2,10,0.02,365,5.1,5.1,1,11/27/2021,12/31/2021,10/1/2022,10/31/2022,1,0.5,5,same_doses,0.3,0.3,0.3,0.3,0,12/31/2023,1,1.05,1.05,9,9,9,9,9,9,9,365,365,366,365,365,365,3,rq2_lmic_drift,0.103687081651056,0.36152700186421255,3.1804021615713367,1.6593148444896824,34.51428287017532,581.3760329248341,75.24835745857536,366.457174120638,0.09092243952375802,0.02105839765119326,0.44
LMIC,1000000,Present,2,Oxford-AstraZeneca,9,4/1/2021,0.25,2,10,0.02,365,5.1,5.1,1,11/27/2021,12/31/2021,10/1/2022,10/31/2022,1,0.5,5,two_doses_only,0.3,0.3,0.3,0.3,0,12/31/2023,1,1.05,1.05,9,9,9,9,9,9,9,365,365,366,365,365,365,4,rq2_lmic_drift,0.103687081651056,0.36152700186421255,3.1804021615713367,1.6593148444896824,34.51428287017532,581.3760329248341,75.24835745857536,366.457174120638,0.09092243952375802,0.02105839765119326,0.44
LMIC,1000000,Present,2,Oxford-AstraZeneca,9,4/1/2021,0.25,3,10,0.02,365,5.1,5.1,1,11/27/2021,12/31/2021,10/1/2022,10/31/2022,1,0.5,5,same_doses,0.3,0.3,0.3,0.3,0,12/31/2023,1,1.05,1.05,9,9,9,9,9,9,9,365,365,366,365,365,365,5,rq2_lmic_drift,0.103687081651056,0.36152700186421255,3.1804021615713367,1.6593148444896824,34.51428287017532,581.3760329248341,75.24835745857536,366.457174120638,0.09092243952375802,0.02105839765119326,0.44
LMIC,1000000,Present,2,Oxford-AstraZeneca,9,4/1/2021,0.25,3,10,0.02,365,5.1,5.1,1,11/27/2021,12/31/2021,10/1/2022,10/31/2022,1,0.5,5,two_doses_only,0.3,0.3,0.3,0.3,0,12/31/2023,1,1.05,1.05,9,9,9,9,9,9,9,365,365,366,365,365,365,6,rq2_lmic_drift,0.103687081651056,0.36152700186421255,3.1804021615713367,1.6593148444896824,34.51428287017532,581.3760329248341,75.24835745857536,366.457174120638,0.09092243952375802,0.02105839765119326,0.44
LMIC,1000000,Present,2,Oxford-AstraZeneca,9,4/1/2021,0.25,4,10,0.02,365,5.1,5.1,1,11/27/2021,12/31/2021,10/1/2022,10/31/2022,1,0.5,5,same_doses,0.3,0.3,0.3,0.3,0,12/31/2023,1,1.05,1.05,9,9,9,9,9,9,9,365,365,366,365,365,365,7,rq2_lmic_drift,0.103687081651056,0.36152700186421255,3.1804021615713367,1.6593148444896824,34.51428287017532,581.3760329248341,75.24835745857536,366.457174120638,0.09092243952375802,0.02105839765119326,0.44
LMIC,1000000,Present,2,Oxford-AstraZeneca,9,4/1/2021,0.25,4,10,0.02,365,5.1,5.1,1,11/27/2021,12/31/2021,10/1/2022,10/31/2022,1,0.5,5,two_doses_only,0.3,0.3,0.3,0.3,0,12/31/2023,1,1.05,1.05,9,9,9,9,9,9,9,365,365,366,365,365,365,8,rq2_lmic_drift,0.103687081651056,0.36152700186421255,3.1804021615713367,1.6593148444896824,34.51428287017532,581.3760329248341,75.24835745857536,366.457174120638,0.09092243952375802,0.02105839765119326,0.44
LMIC,1000000,Present,2,Oxford-AstraZeneca,9,4/1/2021,0.25,5,10,0.02,365,5.1,5.1,1,11/27/2021,12/31/2021,10/1/2022,10/31/2022,1,0.5,5,same_doses,0.3,0.3,0.3,0.3,0,12/31/2023,1,1.05,1.05,9,9,9,9,9,9,9,365,365,366,365,365,365,9,rq2_lmic_drift,0.103687081651056,0.36152700186421255,3.1804021615713367,1.6593148444896824,34.51428287017532,581.3760329248341,75.24835745857536,366.457174120638,0.09092243952375802,0.02105839765119326,0.44
LMIC,1000000,Present,2,Oxford-AstraZeneca,9,4/1/2021,0.25,5,10,0.02,365,5.1,5.1,1,11/27/2021,12/31/2021,10/1/2022,10/31/2022,1,0.5,5,two_doses_only,0.3,0.3,0.3,0.3,0,12/31/2023,1,1.05,1.05,9,9,9,9,9,9,9,365,365,366,365,365,365,10,rq2_lmic_drift,0.103687081651056,0.36152700186421255,3.1804021615713367,1.6593148444896824,34.51428287017532,581.3760329248341,75.24835745857536,366.457174120638,0.09092243952375802,0.02105839765119326,0.44
LMIC,1000000,Present,2,Oxford-AstraZeneca,9,4/1/2021,0.25,6,10,0.02,365,5.1,5.1,1,11/27/2021,12/31/2021,10/1/2022,10/31/2022,1,0.5,5,same_doses,0.3,0.3,0.3,0.3,0,12/31/2023,1,1.05,1.05,9,9,9,9,9,9,9,365,365,366,365,365,365,11,rq2_lmic_drift,0.103687081651056,0.36152700186421255,3.1804021615713367,1.6593148444896824,34.51428287017532,581.3760329248341,75.24835745857536,366.457174120638,0.09092243952375802,0.02105839765119326,0.44
LMIC,1000000,Present,2,Oxford-AstraZeneca,9,4/1/2021,0.25,6,10,0.02,365,5.1,5.1,1,11/27/2021,12/31/2021,10/1/2022,10/31/2022,1,0.5,5,two_doses_only,0.3,0.3,0.3,0.3,0,12/31/2023,1,1.05,1.05,9,9,9,9,9,9,9,365,365,366,365,365,365,12,rq2_lmic_drift,0.103687081651056,0.36152700186421255,3.1804021615713367,1.6593148444896824,34.51428287017532,581.3760329248341,75.24835745857536,366.457174120638,0.09092243952375802,0.02105839765119326,0.44
LMIC,1000000,Present,2,Oxford-AstraZeneca,9,4/1/2021,0.25,7,10,0.02,365,5.1,5.1,1,11/27/2021,12/31/2021,10/1/2022,10/31/2022,1,0.5,5,same_doses,0.3,0.3,0.3,0.3,0,12/31/2023,1,1.05,1.05,9,9,9,9,9,9,9,365,365,366,365,365,365,13,rq2_lmic_drift,0.103687081651056,0.36152700186421255,3.1804021615713367,1.6593148444896824,34.51428287017532,581.3760329248341,75.24835745857536,366.457174120638,0.09092243952375802,0.02105839765119326,0.44
LMIC,1000000,Present,2,Oxford-AstraZeneca,9,4/1/2021,0.25,7,10,0.02,365,5.1,5.1,1,11/27/2021,12/31/2021,10/1/2022,10/31/2022,1,0.5,5,two_doses_only,0.3,0.3,0.3,0.3,0,12/31/2023,1,1.05,1.05,9,9,9,9,9,9,9,365,365,366,365,365,365,14,rq2_lmic_drift,0.103687081651056,0.36152700186421255,3.1804021615713367,1.6593148444896824,34.51428287017532,581.3760329248341,75.24835745857536,366.457174120638,0.09092243952375802,0.02105839765119326,0.44
LMIC,1000000,Present,2,Oxford-AstraZeneca,9,4/1/2021,0.25,8,10,0.02,365,5.1,5.1,1,11/27/2021,12/31/2021,10/1/2022,10/31/2022,1,0.5,5,same_doses,0.3,0.3,0.3,0.3,0,12/31/2023,1,1.05,1.05,9,9,9,9,9,9,9,365,365,366,365,365,365,15,rq2_lmic_drift,0.103687081651056,0.36152700186421255,3.1804021615713367,1.6593148444896824,34.51428287017532,581.3760329248341,75.24835745857536,366.457174120638,0.09092243952375802,0.02105839765119326,0.44
LMIC,1000000,Present,2,Oxford-AstraZeneca,9,4/1/2021,0.25,8,10,0.02,365,5.1,5.1,1,11/27/2021,12/31/2021,10/1/2022,10/31/2022,1,0.5,5,two_doses_only,0.3,0.3,0.3,0.3,0,12/31/2023,1,1.05,1.05,9,9,9,9,9,9,9,365,365,366,365,365,365,16,rq2_lmic_drift,0.103687081651056,0.36152700186421255,3.1804021615713367,1.6593148444896824,34.51428287017532,581.3760329248341,75.24835745857536,366.457174120638,0.09092243952375802,0.02105839765119326,0.44
LMIC,1000000,Present,2,Oxford-AstraZeneca,9,4/1/2021,0.25,9,10,0.02,365,5.1,5.1,1,11/27/2021,12/31/2021,10/1/2022,10/31/2022,1,0.5,5,same_doses,0.3,0.3,0.3,0.3,0,12/31/2023,1,1.05,1.05,9,9,9,9,9,9,9,365,365,366,365,365,365,17,rq2_lmic_drift,0.103687081651056,0.36152700186421255,3.1804021615713367,1.6593148444896824,34.51428287017532,581.3760329248341,75.24835745857536,366.457174120638,0.09092243952375802,0.02105839765119326,0.44
LMIC,1000000,Present,2,Oxford-AstraZeneca,9,4/1/2021,0.25,9,10,0.02,365,5.1,5.1,1,11/27/2021,12/31/2021,10/1/2022,10/31/2022,1,0.5,5,two_doses_only,0.3,0.3,0.3,0.3,0,12/31/2023,1,1.05,1.05,9,9,9,9,9,9,9,365,365,366,365,365,365,18,rq2_lmic_drift,0.103687081651056,0.36152700186421255,3.1804021615713367,1.6593148444896824,34.51428287017532,581.3760329248341,75.24835745857536,366.457174120638,0.09092243952375802,0.02105839765119326,0.44
LMIC,1000000,Present,2,Oxford-AstraZeneca,9,4/1/2021,0.25,10,10,0.02,365,5.1,5.1,1,11/27/2021,12/31/2021,10/1/2022,10/31/2022,1,0.5,5,same_doses,0.3,0.3,0.3,0.3,0,12/31/2023,1,1.05,1.05,9,9,9,9,9,9,9,365,365,366,365,365,365,19,rq2_lmic_drift,0.103687081651056,0.36152700186421255,3.1804021615713367,1.6593148444896824,34.51428287017532,581.3760329248341,75.24835745857536,366.457174120638,0.09092243952375802,0.02105839765119326,0.44
LMIC,1000000,Present,2,Oxford-AstraZeneca,9,4/1/2021,0.25,10,10,0.02,365,5.1,5.1,1,11/27/2021,12/31/2021,10/1/2022,10/31/2022,1,0.5,5,two_doses_only,0.3,0.3,0.3,0.3,0,12/31/2023,1,1.05,1.05,9,9,9,9,9,9,9,365,365,366,365,365,365,20,rq2_lmic_drift,0.103687081651056,0.36152700186421255,3.1804021615713367,1.6593148444896824,34.51428287017532,581.3760329248341,75.24835745857536,366.457174120638,0.09092243952375802,0.02105839765119326,0.44
LMIC,1000000,Present,2,Oxford-AstraZeneca,9,4/1/2021,0.25,11,10,0.02,365,5.1,5.1,1,11/27/2021,12/31/2021,10/1/2022,10/31/2022,1,0.5,5,same_doses,0.3,0.3,0.3,0.3,0,12/31/2023,1,1.05,1.05,9,9,9,9,9,9,9,365,365,366,365,365,365,21,rq2_lmic_drift,0.103687081651056,0.36152700186421255,3.1804021615713367,1.6593148444896824,34.51428287017532,581.3760329248341,75.24835745857536,366.457174120638,0.09092243952375802,0.02105839765119326,0.44
LMIC,1000000,Present,2,Oxford-AstraZeneca,9,4/1/2021,0.25,11,10,0.02,365,5.1,5.1,1,11/27/2021,12/31/2021,10/1/2022,10/31/2022,1,0.5,5,two_doses_only,0.3,0.3,0.3,0.3,0,12/31/2023,1,1.05,1.05,9,9,9,9,9,9,9,365,365,366,365,365,365,22,rq2_lmic_drift,0.103687081651056,0.36152700186421255,3.1804021615713367,1.6593148444896824,34.51428287017532,581.3760329248341,75.24835745857536,366.457174120638,0.09092243952375802,0.02105839765119326,0.44
LMIC,1000000,Present,2,Oxford-AstraZeneca,9,4/1/2021,0.25,12,10,0.02,365,5.1,5.1,1,11/27/2021,12/31/2021,10/1/2022,10/31/2022,1,0.5,5,same_doses,0.3,0.3,0.3,0.3,0,12/31/2023,1,1.05,1.05,9,9,9,9,9,9,9,365,365,366,365,365,365,23,rq2_lmic_drift,0.103687081651056,0.36152700186421255,3.1804021615713367,1.6593148444896824,34.51428287017532,581.3760329248341,75.24835745857536,366.457174120638,0.09092243952375802,0.02105839765119326,0.44
LMIC,1000000,Present,2,Oxford-AstraZeneca,9,4/1/2021,0.25,12,10,0.02,365,5.1,5.1,1,11/27/2021,12/31/2021,10/1/2022,10/31/2022,1,0.5,5,two_doses_only,0.3,0.3,0.3,0.3,0,12/31/2023,1,1.05,1.05,9,9,9,9,9,9,9,365,365,366,365,365,365,24,rq2_lmic_drift,0.103687081651056,0.36152700186421255,3.1804021615713367,1.6593148444896824,34.51428287017532,581.3760329248341,75.24835745857536,366.457174120638,0.09092243952375802,0.02105839765119326,0.44
LMIC,1000000,Present,2,Oxford-AstraZeneca,9,4/1/2021,0.25,13,10,0.02,365,5.1,5.1,1,11/27/2021,12/31/2021,10/1/2022,10/31/2022,1,0.5,5,same_doses,0.3,0.3,0.3,0.3,0,12/31/2023,1,1.05,1.05,9,9,9,9,9,9,9,365,365,366,365,365,365,25,rq2_lmic_drift,0.103687081651056,0.36152700186421255,3.1804021615713367,1.6593148444896824,34.51428287017532,581.3760329248341,75.24835745857536,366.457174120638,0.09092243952375802,0.02105839765119326,0.44
LMIC,1000000,Present,2,Oxford-AstraZeneca,9,4/1/2021,0.25,13,10,0.02,365,5.1,5.1,1,11/27/2021,12/31/2021,10/1/2022,10/31/2022,1,0.5,5,two_doses_only,0.3,0.3,0.3,0.3,0,12/31/2023,1,1.05,1.05,9,9,9,9,9,9,9,365,365,366,365,365,365,26,rq2_lmic_drift,0.103687081651056,0.36152700186421255,3.1804021615713367,1.6593148444896824,34.51428287017532,581.3760329248341,75.24835745857536,366.457174120638,0.09092243952375802,0.02105839765119326,0.44
LMIC,1000000,Present,2,Oxford-AstraZeneca,9,4/1/2021,0.25,14,10,0.02,365,5.1,5.1,1,11/27/2021,12/31/2021,10/1/2022,10/31/2022,1,0.5,5,same_doses,0.3,0.3,0.3,0.3,0,12/31/2023,1,1.05,1.05,9,9,9,9,9,9,9,365,365,366,365,365,365,27,rq2_lmic_drift,0.103687081651056,0.36152700186421255,3.1804021615713367,1.6593148444896824,34.51428287017532,581.3760329248341,75.24835745857536,366.457174120638,0.09092243952375802,0.02105839765119326,0.44
LMIC,1000000,Present,2,Oxford-AstraZeneca,9,4/1/2021,0.25,14,10,0.02,365,5.1,5.1,1,11/27/2021,12/31/2021,10/1/2022,10/31/2022,1,0.5,5,two_doses_only,0.3,0.3,0.3,0.3,0,12/31/2023,1,1.05,1.05,9,9,9,9,9,9,9,365,365,366,365,365,365,28,rq2_lmic_drift,0.103687081651056,0.36152700186421255,3.1804021615713367,1.6593148444896824,34.51428287017532,581.3760329248341,75.24835745857536,366.457174120638,0.09092243952375802,0.02105839765119326,0.44
LMIC,1000000,Present,2,Oxford-AstraZeneca,9,4/1/2021,0.25,15,10,0.02,365,5.1,5.1,1,11/27/2021,12/31/2021,10/1/2022,10/31/2022,1,0.5,5,same_doses,0.3,0.3,0.3,0.3,0,12/31/2023,1,1.05,1.05,9,9,9,9,9,9,9,365,365,366,365,365,365,29,rq2_lmic_drift,0.103687081651056,0.36152700186421255,3.1804021615713367,1.6593148444896824,34.51428287017532,581.3760329248341,75.24835745857536,366.457174120638,0.09092243952375802,0.02105839765119326,0.44
LMIC,1000000,Present,2,Oxford-AstraZeneca,9,4/1/2021,0.25,15,10,0.02,365,5.1,5.1,1,11/27/2021,12/31/2021,10/1/2022,10/31/2022,1,0.5,5,two_doses_only,0.3,0.3,0.3,0.3,0,12/31/2023,1,1.05,1.05,9,9,9,9,9,9,9,365,365,366,365,365,365,30,rq2_lmic_drift,0.103687081651056,0.36152700186421255,3.1804021615713367,1.6593148444896824,34.51428287017532,581.3760329248341,75.24835745857536,366.457174120638,0.09092243952375802,0.02105839765119326,0.44
LMIC,1000000,Present,2,Oxford-AstraZeneca,9,4/1/2021,0.25,16,10,0.02,365,5.1,5.1,1,11/27/2021,12/31/2021,10/1/2022,10/31/2022,1,0.5,5,same_doses,0.3,0.3,0.3,0.3,0,12/31/2023,1,1.05,1.05,9,9,9,9,9,9,9,365,365,366,365,365,365,31,rq2_lmic_drift,0.103687081651056,0.36152700186421255,3.1804021615713367,1.6593148444896824,34.51428287017532,581.3760329248341,75.24835745857536,366.457174120638,0.09092243952375802,0.02105839765119326,0.44
LMIC,1000000,Present,2,Oxford-AstraZeneca,9,4/1/2021,0.25,16,10,0.02,365,5.1,5.1,1,11/27/2021,12/31/2021,10/1/2022,10/31/2022,1,0.5,5,two_doses_only,0.3,0.3,0.3,0.3,0,12/31/2023,1,1.05,1.05,9,9,9,9,9,9,9,365,365,366,365,365,365,32,rq2_lmic_drift,0.103687081651056,0.36152700186421255,3.1804021615713367,1.6593148444896824,34.51428287017532,581.3760329248341,75.24835745857536,366.457174120638,0.09092243952375802,0.02105839765119326,0.44
LMIC,1000000,Present,2,Oxford-AstraZeneca,9,4/1/2021,0.25,17,10,0.02,365,5.1,5.1,1,11/27/2021,12/31/2021,10/1/2022,10/31/2022,1,0.5,5,same_doses,0.3,0.3,0.3,0.3,0,12/31/2023,1,1.05,1.05,9,9,9,9,9,9,9,365,365,366,365,365,365,33,rq2_lmic_drift,0.103687081651056,0.36152700186421255,3.1804021615713367,1.6593148444896824,34.51428287017532,581.3760329248341,75.24835745857536,366.457174120638,0.09092243952375802,0.02105839765119326,0.44
LMIC,1000000,Present,2,Oxford-AstraZeneca,9,4/1/2021,0.25,17,10,0.02,365,5.1,5.1,1,11/27/2021,12/31/2021,10/1/2022,10/31/2022,1,0.5,5,two_doses_only,0.3,0.3,0.3,0.3,0,12/31/2023,1,1.05,1.05,9,9,9,9,9,9,9,365,365,366,365,365,365,34,rq2_lmic_drift,0.103687081651056,0.36152700186421255,3.1804021615713367,1.6593148444896824,34.51428287017532,581.3760329248341,75.24835745857536,366.457174120638,0.09092243952375802,0.02105839765119326,0.44
LMIC,1000000,Present,2,Oxford-AstraZeneca,9,4/1/2021,0.25,18,10,0.02,365,5.1,5.1,1,11/27/2021,12/31/2021,10/1/2022,10/31/2022,1,0.5,5,same_doses,0.3,0.3,0.3,0.3,0,12/31/2023,1,1.05,1.05,9,9,9,9,9,9,9,365,365,366,365,365,365,35,rq2_lmic_drift,0.103687081651056,0.36152700186421255,3.1804021615713367,1.6593148444896824,34.51428287017532,581.3760329248341,75.24835745857536,366.457174120638,0.09092243952375802,0.02105839765119326,0.44
LMIC,1000000,Present,2,Oxford-AstraZeneca,9,4/1/2021,0.25,18,10,0.02,365,5.1,5.1,1,11/27/2021,12/31/2021,10/1/2022,10/31/2022,1,0.5,5,two_doses_only,0.3,0.3,0.3,0.3,0,12/31/2023,1,1.05,1.05,9,9,9,9,9,9,9,365,365,366,365,365,365,36,rq2_lmic_drift,0.103687081651056,0.36152700186421255,3.1804021615713367,1.6593148444896824,34.51428287017532,581.3760329248341,75.24835745857536,366.457174120638,0.09092243952375802,0.02105839765119326,0.44
LMIC,1000000,Present,2,Oxford-AstraZeneca,9,4/1/2021,0.25,19,10,0.02,365,5.1,5.1,1,11/27/2021,12/31/2021,10/1/2022,10/31/2022,1,0.5,5,same_doses,0.3,0.3,0.3,0.3,0,12/31/2023,1,1.05,1.05,9,9,9,9,9,9,9,365,365,366,365,365,365,37,rq2_lmic_drift,0.103687081651056,0.36152700186421255,3.1804021615713367,1.6593148444896824,34.51428287017532,581.3760329248341,75.24835745857536,366.457174120638,0.09092243952375802,0.02105839765119326,0.44
LMIC,1000000,Present,2,Oxford-AstraZeneca,9,4/1/2021,0.25,19,10,0.02,365,5.1,5.1,1,11/27/2021,12/31/2021,10/1/2022,10/31/2022,1,0.5,5,two_doses_only,0.3,0.3,0.3,0.3,0,12/31/2023,1,1.05,1.05,9,9,9,9,9,9,9,365,365,366,365,365,365,38,rq2_lmic_drift,0.103687081651056,0.36152700186421255,3.1804021615713367,1.6593148444896824,34.51428287017532,581.3760329248341,75.24835745857536,366.457174120638,0.09092243952375802,0.02105839765119326,0.44
LMIC,1000000,Present,2,Oxford-AstraZeneca,9,4/1/2021,0.25,20,10,0.02,365,5.1,5.1,1,11/27/2021,12/31/2021,10/1/2022,10/31/2022,1,0.5,5,same_doses,0.3,0.3,0.3,0.3,0,12/31/2023,1,1.05,1.05,9,9,9,9,9,9,9,365,365,366,365,365,365,39,rq2_lmic_drift,0.103687081651056,0.36152700186421255,3.1804021615713367,1.6593148444896824,34.51428287017532,581.3760329248341,75.24835745857536,366.457174120638,0.09092243952375802,0.02105839765119326,0.44
LMIC,1000000,Present,2,Oxford-AstraZeneca,9,4/1/2021,0.25,20,10,0.02,365,5.1,5.1,1,11/27/2021,12/31/2021,10/1/2022,10/31/2022,1,0.5,5,two_doses_only,0.3,0.3,0.3,0.3,0,12/31/2023,1,1.05,1.05,9,9,9,9,9,9,9,365,365,366,365,365,365,40,rq2_lmic_drift,0.103687081651056,0.36152700186421255,3.1804021615713367,1.6593148444896824,34.51428287017532,581.3760329248341,75.24835745857536,366.457174120638,0.09092243952375802,0.02105839765119326,0.44
LMIC,1000000,Present,2,Oxford-AstraZeneca,9,4/1/2021,0.25,21,10,0.02,365,5.1,5.1,1,11/27/2021,12/31/2021,10/1/2022,10/31/2022,1,0.5,5,same_doses,0.3,0.3,0.3,0.3,0,12/31/2023,1,1.05,1.05,9,9,9,9,9,9,9,365,365,366,365,365,365,41,rq2_lmic_drift,0.103687081651056,0.36152700186421255,3.1804021615713367,1.6593148444896824,34.51428287017532,581.3760329248341,75.24835745857536,366.457174120638,0.09092243952375802,0.02105839765119326,0.44
LMIC,1000000,Present,2,Oxford-AstraZeneca,9,4/1/2021,0.25,21,10,0.02,365,5.1,5.1,1,11/27/2021,12/31/2021,10/1/2022,10/31/2022,1,0.5,5,two_doses_only,0.3,0.3,0.3,0.3,0,12/31/2023,1,1.05,1.05,9,9,9,9,9,9,9,365,365,366,365,365,365,42,rq2_lmic_drift,0.103687081651056,0.36152700186421255,3.1804021615713367,1.6593148444896824,34.51428287017532,581.3760329248341,75.24835745857536,366.457174120638,0.09092243952375802,0.02105839765119326,0.44
LMIC,1000000,Present,2,Oxford-AstraZeneca,9,4/1/2021,0.25,22,10,0.02,365,5.1,5.1,1,11/27/2021,12/31/2021,10/1/2022,10/31/2022,1,0.5,5,same_doses,0.3,0.3,0.3,0.3,0,12/31/2023,1,1.05,1.05,9,9,9,9,9,9,9,365,365,366,365,365,365,43,rq2_lmic_drift,0.103687081651056,0.36152700186421255,3.1804021615713367,1.6593148444896824,34.51428287017532,581.3760329248341,75.24835745857536,366.457174120638,0.09092243952375802,0.02105839765119326,0.44
LMIC,1000000,Present,2,Oxford-AstraZeneca,9,4/1/2021,0.25,22,10,0.02,365,5.1,5.1,1,11/27/2021,12/31/2021,10/1/2022,10/31/2022,1,0.5,5,two_doses_only,0.3,0.3,0.3,0.3,0,12/31/2023,1,1.05,1.05,9,9,9,9,9,9,9,365,365,366,365,365,365,44,rq2_lmic_drift,0.103687081651056,0.36152700186421255,3.1804021615713367,1.6593148444896824,34.51428287017532,581.3760329248341,75.24835745857536,366.457174120638,0.09092243952375802,0.02105839765119326,0.44
LMIC,1000000,Present,2,Oxford-AstraZeneca,9,4/1/2021,0.25,23,10,0.02,365,5.1,5.1,1,11/27/2021,12/31/2021,10/1/2022,10/31/2022,1,0.5,5,same_doses,0.3,0.3,0.3,0.3,0,12/31/2023,1,1.05,1.05,9,9,9,9,9,9,9,365,365,366,365,365,365,45,rq2_lmic_drift,0.103687081651056,0.36152700186421255,3.1804021615713367,1.6593148444896824,34.51428287017532,581.3760329248341,75.24835745857536,366.457174120638,0.09092243952375802,0.02105839765119326,0.44
LMIC,1000000,Present,2,Oxford-AstraZeneca,9,4/1/2021,0.25,23,10,0.02,365,5.1,5.1,1,11/27/2021,12/31/2021,10/1/2022,10/31/2022,1,0.5,5,two_doses_only,0.3,0.3,0.3,0.3,0,12/31/2023,1,1.05,1.05,9,9,9,9,9,9,9,365,365,366,365,365,365,46,rq2_lmic_drift,0.103687081651056,0.36152700186421255,3.1804021615713367,1.6593148444896824,34.51428287017532,581.3760329248341,75.24835745857536,366.457174120638,0.09092243952375802,0.02105839765119326,0.44
LMIC,1000000,Present,2,Oxford-AstraZeneca,9,4/1/2021,0.25,24,10,0.02,365,5.1,5.1,1,11/27/2021,12/31/2021,10/1/2022,10/31/2022,1,0.5,5,same_doses,0.3,0.3,0.3,0.3,0,12/31/2023,1,1.05,1.05,9,9,9,9,9,9,9,365,365,366,365,365,365,47,rq2_lmic_drift,0.103687081651056,0.36152700186421255,3.1804021615713367,1.6593148444896824,34.51428287017532,581.3760329248341,75.24835745857536,366.457174120638,0.09092243952375802,0.02105839765119326,0.44
LMIC,1000000,Present,2,Oxford-AstraZeneca,9,4/1/2021,0.25,24,10,0.02,365,5.1,5.1,1,11/27/2021,12/31/2021,10/1/2022,10/31/2022,1,0.5,5,two_doses_only,0.3,0.3,0.3,0.3,0,12/31/2023,1,1.05,1.05,9,9,9,9,9,9,9,365,365,366,365,365,365,48,rq2_lmic_drift,0.103687081651056,0.36152700186421255,3.1804021615713367,1.6593148444896824,34.51428287017532,581.3760329248341,75.24835745857536,366.457174120638,0.09092243952375802,0.02105839765119326,0.44
LMIC,1000000,Present,2,Oxford-AstraZeneca,9,4/1/2021,0.25,25,10,0.02,365,5.1,5.1,1,11/27/2021,12/31/2021,10/1/2022,10/31/2022,1,0.5,5,same_doses,0.3,0.3,0.3,0.3,0,12/31/2023,1,1.05,1.05,9,9,9,9,9,9,9,365,365,366,365,365,365,49,rq2_lmic_drift,0.103687081651056,0.36152700186421255,3.1804021615713367,1.6593148444896824,34.51428287017532,581.3760329248341,75.24835745857536,366.457174120638,0.09092243952375802,0.02105839765119326,0.44
LMIC,1000000,Present,2,Oxford-AstraZeneca,9,4/1/2021,0.25,25,10,0.02,365,5.1,5.1,1,11/27/2021,12/31/2021,10/1/2022,10/31/2022,1,0.5,5,two_doses_only,0.3,0.3,0.3,0.3,0,12/31/2023,1,1.05,1.05,9,9,9,9,9,9,9,365,365,366,365,365,365,50,rq2_lmic_drift,0.103687081651056,0.36152700186421255,3.1804021615713367,1.6593148444896824,34.51428287017532,581.3760329248341,75.24835745857536,366.457174120638,0.09092243952375802,0.02105839765119326,0.44
LMIC,1000000,Present,2,Oxford-AstraZeneca,9,4/1/2021,0.25,26,10,0.02,365,5.1,5.1,1,11/27/2021,12/31/2021,10/1/2022,10/31/2022,1,0.5,5,same_doses,0.3,0.3,0.3,0.3,0,12/31/2023,1,1.05,1.05,9,9,9,9,9,9,9,365,365,366,365,365,365,51,rq2_lmic_drift,0.103687081651056,0.36152700186421255,3.1804021615713367,1.6593148444896824,34.51428287017532,581.3760329248341,75.24835745857536,366.457174120638,0.09092243952375802,0.02105839765119326,0.44
LMIC,1000000,Present,2,Oxford-AstraZeneca,9,4/1/2021,0.25,26,10,0.02,365,5.1,5.1,1,11/27/2021,12/31/2021,10/1/2022,10/31/2022,1,0.5,5,two_doses_only,0.3,0.3,0.3,0.3,0,12/31/2023,1,1.05,1.05,9,9,9,9,9,9,9,365,365,366,365,365,365,52,rq2_lmic_drift,0.103687081651056,0.36152700186421255,3.1804021615713367,1.6593148444896824,34.51428287017532,581.3760329248341,75.24835745857536,366.457174120638,0.09092243952375802,0.02105839765119326,0.44
LMIC,1000000,Present,2,Oxford-AstraZeneca,9,4/1/2021,0.25,27,10,0.02,365,5.1,5.1,1,11/27/2021,12/31/2021,10/1/2022,10/31/2022,1,0.5,5,same_doses,0.3,0.3,0.3,0.3,0,12/31/2023,1,1.05,1.05,9,9,9,9,9,9,9,365,365,366,365,365,365,53,rq2_lmic_drift,0.103687081651056,0.36152700186421255,3.1804021615713367,1.6593148444896824,34.51428287017532,581.3760329248341,75.24835745857536,366.457174120638,0.09092243952375802,0.02105839765119326,0.44
LMIC,1000000,Present,2,Oxford-AstraZeneca,9,4/1/2021,0.25,27,10,0.02,365,5.1,5.1,1,11/27/2021,12/31/2021,10/1/2022,10/31/2022,1,0.5,5,two_doses_only,0.3,0.3,0.3,0.3,0,12/31/2023,1,1.05,1.05,9,9,9,9,9,9,9,365,365,366,365,365,365,54,rq2_lmic_drift,0.103687081651056,0.36152700186421255,3.1804021615713367,1.6593148444896824,34.51428287017532,581.3760329248341,75.24835745857536,366.457174120638,0.09092243952375802,0.02105839765119326,0.44
LMIC,1000000,Present,2,Oxford-AstraZeneca,9,4/1/2021,0.25,28,10,0.02,365,5.1,5.1,1,11/27/2021,12/31/2021,10/1/2022,10/31/2022,1,0.5,5,same_doses,0.3,0.3,0.3,0.3,0,12/31/2023,1,1.05,1.05,9,9,9,9,9,9,9,365,365,366,365,365,365,55,rq2_lmic_drift,0.103687081651056,0.36152700186421255,3.1804021615713367,1.6593148444896824,34.51428287017532,581.3760329248341,75.24835745857536,366.457174120638,0.09092243952375802,0.02105839765119326,0.44
LMIC,1000000,Present,2,Oxford-AstraZeneca,9,4/1/2021,0.25,28,10,0.02,365,5.1,5.1,1,11/27/2021,12/31/2021,10/1/2022,10/31/2022,1,0.5,5,two_doses_only,0.3,0.3,0.3,0.3,0,12/31/2023,1,1.05,1.05,9,9,9,9,9,9,9,365,365,366,365,365,365,56,rq2_lmic_drift,0.103687081651056,0.36152700186421255,3.1804021615713367,1.6593148444896824,34.51428287017532,581.3760329248341,75.24835745857536,366.457174120638,0.09092243952375802,0.02105839765119326,0.44
LMIC,1000000,Present,2,Oxford-AstraZeneca,9,4/1/2021,0.25,29,10,0.02,365,5.1,5.1,1,11/27/2021,12/31/2021,10/1/2022,10/31/2022,1,0.5,5,same_doses,0.3,0.3,0.3,0.3,0,12/31/2023,1,1.05,1.05,9,9,9,9,9,9,9,365,365,366,365,365,365,57,rq2_lmic_drift,0.103687081651056,0.36152700186421255,3.1804021615713367,1.6593148444896824,34.51428287017532,581.3760329248341,75.24835745857536,366.457174120638,0.09092243952375802,0.02105839765119326,0.44
LMIC,1000000,Present,2,Oxford-AstraZeneca,9,4/1/2021,0.25,29,10,0.02,365,5.1,5.1,1,11/27/2021,12/31/2021,10/1/2022,10/31/2022,1,0.5,5,two_doses_only,0.3,0.3,0.3,0.3,0,12/31/2023,1,1.05,1.05,9,9,9,9,9,9,9,365,365,366,365,365,365,58,rq2_lmic_drift,0.103687081651056,0.36152700186421255,3.1804021615713367,1.6593148444896824,34.51428287017532,581.3760329248341,75.24835745857536,366.457174120638,0.09092243952375802,0.02105839765119326,0.44
LMIC,1000000,Present,2,Oxford-AstraZeneca,9,4/1/2021,0.25,30,10,0.02,365,5.1,5.1,1,11/27/2021,12/31/2021,10/1/2022,10/31/2022,1,0.5,5,same_doses,0.3,0.3,0.3,0.3,0,12/31/2023,1,1.05,1.05,9,9,9,9,9,9,9,365,365,366,365,365,365,59,rq2_lmic_drift,0.103687081651056,0.36152700186421255,3.1804021615713367,1.6593148444896824,34.51428287017532,581.3760329248341,75.24835745857536,366.457174120638,0.09092243952375802,0.02105839765119326,0.44
LMIC,1000000,Present,2,Oxford-AstraZeneca,9,4/1/2021,0.25,30,10,0.02,365,5.1,5.1,1,11/27/2021,12/31/2021,10/1/2022,10/31/2022,1,0.5,5,two_doses_only,0.3,0.3,0.3,0.3,0,12/31/2023,1,1.05,1.05,9,9,9,9,9,9,9,365,365,366,365,365,365,60,rq2_lmic_drift,0.103687081651056,0.36152700186421255,3.1804021615713367,1.6593148444896824,34.51428287017532,581.3760329248341,75.24835745857536,366.457174120638,0.09092243952375802,0.02105839765119326,0.44
LMIC,1000000,Present,2,Oxford-AstraZeneca,9,4/1/2021,0.25,31,10,0.02,365,5.1,5.1,1,11/27/2021,12/31/2021,10/1/2022,10/31/2022,1,0.5,5,same_doses,0.3,0.3,0.3,0.3,0,12/31/2023,1,1.05,1.05,9,9,9,9,9,9,9,365,365,366,365,365,365,61,rq2_lmic_drift,0.103687081651056,0.36152700186421255,3.1804021615713367,1.6593148444896824,34.51428287017532,581.3760329248341,75.24835745857536,366.457174120638,0.09092243952375802,0.02105839765119326,0.44
LMIC,1000000,Present,2,Oxford-AstraZeneca,9,4/1/2021,0.25,31,10,0.02,365,5.1,5.1,1,11/27/2021,12/31/2021,10/1/2022,10/31/2022,1,0.5,5,two_doses_only,0.3,0.3,0.3,0.3,0,12/31/2023,1,1.05,1.05,9,9,9,9,9,9,9,365,365,366,365,365,365,62,rq2_lmic_drift,0.103687081651056,0.36152700186421255,3.1804021615713367,1.6593148444896824,34.51428287017532,581.3760329248341,75.24835745857536,366.457174120638,0.09092243952375802,0.02105839765119326,0.44
LMIC,1000000,Present,2,Oxford-AstraZeneca,9,4/1/2021,0.25,32,10,0.02,365,5.1,5.1,1,11/27/2021,12/31/2021,10/1/2022,10/31/2022,1,0.5,5,same_doses,0.3,0.3,0.3,0.3,0,12/31/2023,1,1.05,1.05,9,9,9,9,9,9,9,365,365,366,365,365,365,63,rq2_lmic_drift,0.103687081651056,0.36152700186421255,3.1804021615713367,1.6593148444896824,34.51428287017532,581.3760329248341,75.24835745857536,366.457174120638,0.09092243952375802,0.02105839765119326,0.44
LMIC,1000000,Present,2,Oxford-AstraZeneca,9,4/1/2021,0.25,32,10,0.02,365,5.1,5.1,1,11/27/2021,12/31/2021,10/1/2022,10/31/2022,1,0.5,5,two_doses_only,0.3,0.3,0.3,0.3,0,12/31/2023,1,1.05,1.05,9,9,9,9,9,9,9,365,365,366,365,365,365,64,rq2_lmic_drift,0.103687081651056,0.36152700186421255,3.1804021615713367,1.6593148444896824,34.51428287017532,581.3760329248341,75.24835745857536,366.457174120638,0.09092243952375802,0.02105839765119326,0.44
LMIC,1000000,Present,2,Oxford-AstraZeneca,9,4/1/2021,0.25,33,10,0.02,365,5.1,5.1,1,11/27/2021,12/31/2021,10/1/2022,10/31/2022,1,0.5,5,same_doses,0.3,0.3,0.3,0.3,0,12/31/2023,1,1.05,1.05,9,9,9,9,9,9,9,365,365,366,365,365,365,65,rq2_lmic_drift,0.103687081651056,0.36152700186421255,3.1804021615713367,1.6593148444896824,34.51428287017532,581.3760329248341,75.24835745857536,366.457174120638,0.09092243952375802,0.02105839765119326,0.44
LMIC,1000000,Present,2,Oxford-AstraZeneca,9,4/1/2021,0.25,33,10,0.02,365,5.1,5.1,1,11/27/2021,12/31/2021,10/1/2022,10/31/2022,1,0.5,5,two_doses_only,0.3,0.3,0.3,0.3,0,12/31/2023,1,1.05,1.05,9,9,9,9,9,9,9,365,365,366,365,365,365,66,rq2_lmic_drift,0.103687081651056,0.36152700186421255,3.1804021615713367,1.6593148444896824,34.51428287017532,581.3760329248341,75.24835745857536,366.457174120638,0.09092243952375802,0.02105839765119326,0.44
LMIC,1000000,Present,2,Oxford-AstraZeneca,9,4/1/2021,0.25,34,10,0.02,365,5.1,5.1,1,11/27/2021,12/31/2021,10/1/2022,10/31/2022,1,0.5,5,same_doses,0.3,0.3,0.3,0.3,0,12/31/2023,1,1.05,1.05,9,9,9,9,9,9,9,365,365,366,365,365,365,67,rq2_lmic_drift,0.103687081651056,0.36152700186421255,3.1804021615713367,1.6593148444896824,34.51428287017532,581.3760329248341,75.24835745857536,366.457174120638,0.09092243952375802,0.02105839765119326,0.44
LMIC,1000000,Present,2,Oxford-AstraZeneca,9,4/1/2021,0.25,34,10,0.02,365,5.1,5.1,1,11/27/2021,12/31/2021,10/1/2022,10/31/2022,1,0.5,5,two_doses_only,0.3,0.3,0.3,0.3,0,12/31/2023,1,1.05,1.05,9,9,9,9,9,9,9,365,365,366,365,365,365,68,rq2_lmic_drift,0.103687081651056,0.36152700186421255,3.1804021615713367,1.6593148444896824,34.51428287017532,581.3760329248341,75.24835745857536,366.457174120638,0.09092243952375802,0.02105839765119326,0.44
LMIC,1000000,Present,2,Oxford-AstraZeneca,9,4/1/2021,0.25,35,10,0.02,365,5.1,5.1,1,11/27/2021,12/31/2021,10/1/2022,10/31/2022,1,0.5,5,same_doses,0.3,0.3,0.3,0.3,0,12/31/2023,1,1.05,1.05,9,9,9,9,9,9,9,365,365,366,365,365,365,69,rq2_lmic_drift,0.103687081651056,0.36152700186421255,3.1804021615713367,1.6593148444896824,34.51428287017532,581.3760329248341,75.24835745857536,366.457174120638,0.09092243952375802,0.02105839765119326,0.44
LMIC,1000000,Present,2,Oxford-AstraZeneca,9,4/1/2021,0.25,35,10,0.02,365,5.1,5.1,1,11/27/2021,12/31/2021,10/1/2022,10/31/2022,1,0.5,5,two_doses_only,0.3,0.3,0.3,0.3,0,12/31/2023,1,1.05,1.05,9,9,9,9,9,9,9,365,365,366,365,365,365,70,rq2_lmic_drift,0.103687081651056,0.36152700186421255,3.1804021615713367,1.6593148444896824,34.51428287017532,581.3760329248341,75.24835745857536,366.457174120638,0.09092243952375802,0.02105839765119326,0.44
LMIC,1000000,Present,2,Oxford-AstraZeneca,9,4/1/2021,0.25,36,10,0.02,365,5.1,5.1,1,11/27/2021,12/31/2021,10/1/2022,10/31/2022,1,0.5,5,same_doses,0.3,0.3,0.3,0.3,0,12/31/2023,1,1.05,1.05,9,9,9,9,9,9,9,365,365,366,365,365,365,71,rq2_lmic_drift,0.103687081651056,0.36152700186421255,3.1804021615713367,1.6593148444896824,34.51428287017532,581.3760329248341,75.24835745857536,366.457174120638,0.09092243952375802,0.02105839765119326,0.44
LMIC,1000000,Present,2,Oxford-AstraZeneca,9,4/1/2021,0.25,36,10,0.02,365,5.1,5.1,1,11/27/2021,12/31/2021,10/1/2022,10/31/2022,1,0.5,5,two_doses_only,0.3,0.3,0.3,0.3,0,12/31/2023,1,1.05,1.05,9,9,9,9,9,9,9,365,365,366,365,365,365,72,rq2_lmic_drift,0.103687081651056,0.36152700186421255,3.1804021615713367,1.6593148444896824,34.51428287017532,581.3760329248341,75.24835745857536,366.457174120638,0.09092243952375802,0.02105839765119326,0.44
LMIC,1000000,Present,2,Oxford-AstraZeneca,9,4/1/2021,0.25,37,10,0.02,365,5.1,5.1,1,11/27/2021,12/31/2021,10/1/2022,10/31/2022,1,0.5,5,same_doses,0.3,0.3,0.3,0.3,0,12/31/2023,1,1.05,1.05,9,9,9,9,9,9,9,365,365,366,365,365,365,73,rq2_lmic_drift,0.103687081651056,0.36152700186421255,3.1804021615713367,1.6593148444896824,34.51428287017532,581.3760329248341,75.24835745857536,366.457174120638,0.09092243952375802,0.02105839765119326,0.44
LMIC,1000000,Present,2,Oxford-AstraZeneca,9,4/1/2021,0.25,37,10,0.02,365,5.1,5.1,1,11/27/2021,12/31/2021,10/1/2022,10/31/2022,1,0.5,5,two_doses_only,0.3,0.3,0.3,0.3,0,12/31/2023,1,1.05,1.05,9,9,9,9,9,9,9,365,365,366,365,365,365,74,rq2_lmic_drift,0.103687081651056,0.36152700186421255,3.1804021615713367,1.6593148444896824,34.51428287017532,581.3760329248341,75.24835745857536,366.457174120638,0.09092243952375802,0.02105839765119326,0.44
LMIC,1000000,Present,2,Oxford-AstraZeneca,9,4/1/2021,0.25,38,10,0.02,365,5.1,5.1,1,11/27/2021,12/31/2021,10/1/2022,10/31/2022,1,0.5,5,same_doses,0.3,0.3,0.3,0.3,0,12/31/2023,1,1.05,1.05,9,9,9,9,9,9,9,365,365,366,365,365,365,75,rq2_lmic_drift,0.103687081651056,0.36152700186421255,3.1804021615713367,1.6593148444896824,34.51428287017532,581.3760329248341,75.24835745857536,366.457174120638,0.09092243952375802,0.02105839765119326,0.44
LMIC,1000000,Present,2,Oxford-AstraZeneca,9,4/1/2021,0.25,38,10,0.02,365,5.1,5.1,1,11/27/2021,12/31/2021,10/1/2022,10/31/2022,1,0.5,5,two_doses_only,0.3,0.3,0.3,0.3,0,12/31/2023,1,1.05,1.05,9,9,9,9,9,9,9,365,365,366,365,365,365,76,rq2_lmic_drift,0.103687081651056,0.36152700186421255,3.1804021615713367,1.6593148444896824,34.51428287017532,581.3760329248341,75.24835745857536,366.457174120638,0.09092243952375802,0.02105839765119326,0.44
LMIC,1000000,Present,2,Oxford-AstraZeneca,9,4/1/2021,0.25,39,10,0.02,365,5.1,5.1,1,11/27/2021,12/31/2021,10/1/2022,10/31/2022,1,0.5,5,same_doses,0.3,0.3,0.3,0.3,0,12/31/2023,1,1.05,1.05,9,9,9,9,9,9,9,365,365,366,365,365,365,77,rq2_lmic_drift,0.103687081651056,0.36152700186421255,3.1804021615713367,1.6593148444896824,34.51428287017532,581.3760329248341,75.24835745857536,366.457174120638,0.09092243952375802,0.02105839765119326,0.44
LMIC,1000000,Present,2,Oxford-AstraZeneca,9,4/1/2021,0.25,39,10,0.02,365,5.1,5.1,1,11/27/2021,12/31/2021,10/1/2022,10/31/2022,1,0.5,5,two_doses_only,0.3,0.3,0.3,0.3,0,12/31/2023,1,1.05,1.05,9,9,9,9,9,9,9,365,365,366,365,365,365,78,rq2_lmic_drift,0.103687081651056,0.36152700186421255,3.1804021615713367,1.6593148444896824,34.51428287017532,581.3760329248341,75.24835745857536,366.457174120638,0.09092243952375802,0.02105839765119326,0.44
LMIC,1000000,Present,2,Oxford-AstraZeneca,9,4/1/2021,0.25,40,10,0.02,365,5.1,5.1,1,11/27/2021,12/31/2021,10/1/2022,10/31/2022,1,0.5,5,same_doses,0.3,0.3,0.3,0.3,0,12/31/2023,1,1.05,1.05,9,9,9,9,9,9,9,365,365,366,365,365,365,79,rq2_lmic_drift,0.103687081651056,0.36152700186421255,3.1804021615713367,1.6593148444896824,34.51428287017532,581.3760329248341,75.24835745857536,366.457174120638,0.09092243952375802,0.02105839765119326,0.44
LMIC,1000000,Present,2,Oxford-AstraZeneca,9,4/1/2021,0.25,40,10,0.02,365,5.1,5.1,1,11/27/2021,12/31/2021,10/1/2022,10/31/2022,1,0.5,5,two_doses_only,0.3,0.3,0.3,0.3,0,12/31/2023,1,1.05,1.05,9,9,9,9,9,9,9,365,365,366,365,365,365,80,rq2_lmic_drift,0.103687081651056,0.36152700186421255,3.1804021615713367,1.6593148444896824,34.51428287017532,581.3760329248341,75.24835745857536,366.457174120638,0.09092243952375802,0.02105839765119326,0.44
LMIC,1000000,Present,2,Oxford-AstraZeneca,9,4/1/2021,0.25,41,10,0.02,365,5.1,5.1,1,11/27/2021,12/31/2021,10/1/2022,10/31/2022,1,0.5,5,same_doses,0.3,0.3,0.3,0.3,0,12/31/2023,1,1.05,1.05,9,9,9,9,9,9,9,365,365,366,365,365,365,81,rq2_lmic_drift,0.103687081651056,0.36152700186421255,3.1804021615713367,1.6593148444896824,34.51428287017532,581.3760329248341,75.24835745857536,366.457174120638,0.09092243952375802,0.02105839765119326,0.44
LMIC,1000000,Present,2,Oxford-AstraZeneca,9,4/1/2021,0.25,41,10,0.02,365,5.1,5.1,1,11/27/2021,12/31/2021,10/1/2022,10/31/2022,1,0.5,5,two_doses_only,0.3,0.3,0.3,0.3,0,12/31/2023,1,1.05,1.05,9,9,9,9,9,9,9,365,365,366,365,365,365,82,rq2_lmic_drift,0.103687081651056,0.36152700186421255,3.1804021615713367,1.6593148444896824,34.51428287017532,581.3760329248341,75.24835745857536,366.457174120638,0.09092243952375802,0.02105839765119326,0.44
LMIC,1000000,Present,2,Oxford-AstraZeneca,9,4/1/2021,0.25,42,10,0.02,365,5.1,5.1,1,11/27/2021,12/31/2021,10/1/2022,10/31/2022,1,0.5,5,same_doses,0.3,0.3,0.3,0.3,0,12/31/2023,1,1.05,1.05,9,9,9,9,9,9,9,365,365,366,365,365,365,83,rq2_lmic_drift,0.103687081651056,0.36152700186421255,3.1804021615713367,1.6593148444896824,34.51428287017532,581.3760329248341,75.24835745857536,366.457174120638,0.09092243952375802,0.02105839765119326,0.44
LMIC,1000000,Present,2,Oxford-AstraZeneca,9,4/1/2021,0.25,42,10,0.02,365,5.1,5.1,1,11/27/2021,12/31/2021,10/1/2022,10/31/2022,1,0.5,5,two_doses_only,0.3,0.3,0.3,0.3,0,12/31/2023,1,1.05,1.05,9,9,9,9,9,9,9,365,365,366,365,365,365,84,rq2_lmic_drift,0.103687081651056,0.36152700186421255,3.1804021615713367,1.6593148444896824,34.51428287017532,581.3760329248341,75.24835745857536,366.457174120638,0.09092243952375802,0.02105839765119326,0.44
LMIC,1000000,Present,2,Oxford-AstraZeneca,9,4/1/2021,0.25,43,10,0.02,365,5.1,5.1,1,11/27/2021,12/31/2021,10/1/2022,10/31/2022,1,0.5,5,same_doses,0.3,0.3,0.3,0.3,0,12/31/2023,1,1.05,1.05,9,9,9,9,9,9,9,365,365,366,365,365,365,85,rq2_lmic_drift,0.103687081651056,0.36152700186421255,3.1804021615713367,1.6593148444896824,34.51428287017532,581.3760329248341,75.24835745857536,366.457174120638,0.09092243952375802,0.02105839765119326,0.44
LMIC,1000000,Present,2,Oxford-AstraZeneca,9,4/1/2021,0.25,43,10,0.02,365,5.1,5.1,1,11/27/2021,12/31/2021,10/1/2022,10/31/2022,1,0.5,5,two_doses_only,0.3,0.3,0.3,0.3,0,12/31/2023,1,1.05,1.05,9,9,9,9,9,9,9,365,365,366,365,365,365,86,rq2_lmic_drift,0.103687081651056,0.36152700186421255,3.1804021615713367,1.6593148444896824,34.51428287017532,581.3760329248341,75.24835745857536,366.457174120638,0.09092243952375802,0.02105839765119326,0.44
LMIC,1000000,Present,2,Oxford-AstraZeneca,9,4/1/2021,0.25,44,10,0.02,365,5.1,5.1,1,11/27/2021,12/31/2021,10/1/2022,10/31/2022,1,0.5,5,same_doses,0.3,0.3,0.3,0.3,0,12/31/2023,1,1.05,1.05,9,9,9,9,9,9,9,365,365,366,365,365,365,87,rq2_lmic_drift,0.103687081651056,0.36152700186421255,3.1804021615713367,1.6593148444896824,34.51428287017532,581.3760329248341,75.24835745857536,366.457174120638,0.09092243952375802,0.02105839765119326,0.44
LMIC,1000000,Present,2,Oxford-AstraZeneca,9,4/1/2021,0.25,44,10,0.02,365,5.1,5.1,1,11/27/2021,12/31/2021,10/1/2022,10/31/2022,1,0.5,5,two_doses_only,0.3,0.3,0.3,0.3,0,12/31/2023,1,1.05,1.05,9,9,9,9,9,9,9,365,365,366,365,365,365,88,rq2_lmic_drift,0.103687081651056,0.36152700186421255,3.1804021615713367,1.6593148444896824,34.51428287017532,581.3760329248341,75.24835745857536,366.457174120638,0.09092243952375802,0.02105839765119326,0.44
LMIC,1000000,Present,2,Oxford-AstraZeneca,9,4/1/2021,0.25,45,10,0.02,365,5.1,5.1,1,11/27/2021,12/31/2021,10/1/2022,10/31/2022,1,0.5,5,same_doses,0.3,0.3,0.3,0.3,0,12/31/2023,1,1.05,1.05,9,9,9,9,9,9,9,365,365,366,365,365,365,89,rq2_lmic_drift,0.103687081651056,0.36152700186421255,3.1804021615713367,1.6593148444896824,34.51428287017532,581.3760329248341,75.24835745857536,366.457174120638,0.09092243952375802,0.02105839765119326,0.44
LMIC,1000000,Present,2,Oxford-AstraZeneca,9,4/1/2021,0.25,45,10,0.02,365,5.1,5.1,1,11/27/2021,12/31/2021,10/1/2022,10/31/2022,1,0.5,5,two_doses_only,0.3,0.3,0.3,0.3,0,12/31/2023,1,1.05,1.05,9,9,9,9,9,9,9,365,365,366,365,365,365,90,rq2_lmic_drift,0.103687081651056,0.36152700186421255,3.1804021615713367,1.6593148444896824,34.51428287017532,581.3760329248341,75.24835745857536,366.457174120638,0.09092243952375802,0.02105839765119326,0.44
LMIC,1000000,Present,2,Oxford-AstraZeneca,9,4/1/2021,0.25,46,10,0.02,365,5.1,5.1,1,11/27/2021,12/31/2021,10/1/2022,10/31/2022,1,0.5,5,same_doses,0.3,0.3,0.3,0.3,0,12/31/2023,1,1.05,1.05,9,9,9,9,9,9,9,365,365,366,365,365,365,91,rq2_lmic_drift,0.103687081651056,0.36152700186421255,3.1804021615713367,1.6593148444896824,34.51428287017532,581.3760329248341,75.24835745857536,366.457174120638,0.09092243952375802,0.02105839765119326,0.44
LMIC,1000000,Present,2,Oxford-AstraZeneca,9,4/1/2021,0.25,46,10,0.02,365,5.1,5.1,1,11/27/2021,12/31/2021,10/1/2022,10/31/2022,1,0.5,5,two_doses_only,0.3,0.3,0.3,0.3,0,12/31/2023,1,1.05,1.05,9,9,9,9,9,9,9,365,365,366,365,365,365,92,rq2_lmic_drift,0.103687081651056,0.36152700186421255,3.1804021615713367,1.6593148444896824,34.51428287017532,581.3760329248341,75.24835745857536,366.457174120638,0.09092243952375802,0.02105839765119326,0.44
LMIC,1000000,Present,2,Oxford-AstraZeneca,9,4/1/2021,0.25,47,10,0.02,365,5.1,5.1,1,11/27/2021,12/31/2021,10/1/2022,10/31/2022,1,0.5,5,same_doses,0.3,0.3,0.3,0.3,0,12/31/2023,1,1.05,1.05,9,9,9,9,9,9,9,365,365,366,365,365,365,93,rq2_lmic_drift,0.103687081651056,0.36152700186421255,3.1804021615713367,1.6593148444896824,34.51428287017532,581.3760329248341,75.24835745857536,366.457174120638,0.09092243952375802,0.02105839765119326,0.44
LMIC,1000000,Present,2,Oxford-AstraZeneca,9,4/1/2021,0.25,47,10,0.02,365,5.1,5.1,1,11/27/2021,12/31/2021,10/1/2022,10/31/2022,1,0.5,5,two_doses_only,0.3,0.3,0.3,0.3,0,12/31/2023,1,1.05,1.05,9,9,9,9,9,9,9,365,365,366,365,365,365,94,rq2_lmic_drift,0.103687081651056,0.36152700186421255,3.1804021615713367,1.6593148444896824,34.51428287017532,581.3760329248341,75.24835745857536,366.457174120638,0.09092243952375802,0.02105839765119326,0.44
LMIC,1000000,Present,2,Oxford-AstraZeneca,9,4/1/2021,0.25,48,10,0.02,365,5.1,5.1,1,11/27/2021,12/31/2021,10/1/2022,10/31/2022,1,0.5,5,same_doses,0.3,0.3,0.3,0.3,0,12/31/2023,1,1.05,1.05,9,9,9,9,9,9,9,365,365,366,365,365,365,95,rq2_lmic_drift,0.103687081651056,0.36152700186421255,3.1804021615713367,1.6593148444896824,34.51428287017532,581.3760329248341,75.24835745857536,366.457174120638,0.09092243952375802,0.02105839765119326,0.44
LMIC,1000000,Present,2,Oxford-AstraZeneca,9,4/1/2021,0.25,48,10,0.02,365,5.1,5.1,1,11/27/2021,12/31/2021,10/1/2022,10/31/2022,1,0.5,5,two_doses_only,0.3,0.3,0.3,0.3,0,12/31/2023,1,1.05,1.05,9,9,9,9,9,9,9,365,365,366,365,365,365,96,rq2_lmic_drift,0.103687081651056,0.36152700186421255,3.1804021615713367,1.6593148444896824,34.51428287017532,581.3760329248341,75.24835745857536,366.457174120638,0.09092243952375802,0.02105839765119326,0.44
LMIC,1000000,Present,2,Oxford-AstraZeneca,9,4/1/2021,0.25,49,10,0.02,365,5.1,5.1,1,11/27/2021,12/31/2021,10/1/2022,10/31/2022,1,0.5,5,same_doses,0.3,0.3,0.3,0.3,0,12/31/2023,1,1.05,1.05,9,9,9,9,9,9,9,365,365,366,365,365,365,97,rq2_lmic_drift,0.103687081651056,0.36152700186421255,3.1804021615713367,1.6593148444896824,34.51428287017532,581.3760329248341,75.24835745857536,366.457174120638,0.09092243952375802,0.02105839765119326,0.44
LMIC,1000000,Present,2,Oxford-AstraZeneca,9,4/1/2021,0.25,49,10,0.02,365,5.1,5.1,1,11/27/2021,12/31/2021,10/1/2022,10/31/2022,1,0.5,5,two_doses_only,0.3,0.3,0.3,0.3,0,12/31/2023,1,1.05,1.05,9,9,9,9,9,9,9,365,365,366,365,365,365,98,rq2_lmic_drift,0.103687081651056,0.36152700186421255,3.1804021615713367,1.6593148444896824,34.51428287017532,581.3760329248341,75.24835745857536,366.457174120638,0.09092243952375802,0.02105839765119326,0.44
LMIC,1000000,Present,2,Oxford-AstraZeneca,9,4/1/2021,0.25,50,10,0.02,365,5.1,5.1,1,11/27/2021,12/31/2021,10/1/2022,10/31/2022,1,0.5,5,same_doses,0.3,0.3,0.3,0.3,0,12/31/2023,1,1.05,1.05,9,9,9,9,9,9,9,365,365,366,365,365,365,99,rq2_lmic_drift,0.103687081651056,0.36152700186421255,3.1804021615713367,1.6593148444896824,34.51428287017532,581.3760329248341,75.24835745857536,366.457174120638,0.09092243952375802,0.02105839765119326,0.44
LMIC,1000000,Present,2,Oxford-AstraZeneca,9,4/1/2021,0.25,50,10,0.02,365,5.1,5.1,1,11/27/2021,12/31/2021,10/1/2022,10/31/2022,1,0.5,5,two_doses_only,0.3,0.3,0.3,0.3,0,12/31/2023,1,1.05,1.05,9,9,9,9,9,9,9,365,365,366,365,365,365,100,rq2_lmic_drift,0.103687081651056,0.36152700186421255,3.1804021615713367,1.6593148444896824,34.51428287017532,581.3760329248341,75.24835745857536,366.457174120638,0.09092243952375802,0.02105839765119326,0.44
LMIC,1000000,Present,3,Oxford-AstraZeneca,9,4/1/2021,0.25,1,10,0.02,365,5.1,5.1,1,11/27/2021,12/31/2021,10/1/2022,10/31/2022,1,0.5,5,same_doses,0.3,0.3,0.3,0.3,0,12/31/2023,1,1.05,1.05,9,9,9,9,9,9,9,365,365,366,365,365,365,101,rq2_lmic_drift,0.103687081651056,0.36152700186421255,3.1804021615713367,1.6593148444896824,34.51428287017532,581.3760329248341,75.24835745857536,366.457174120638,0.09092243952375802,0.02105839765119326,0.44
LMIC,1000000,Present,3,Oxford-AstraZeneca,9,4/1/2021,0.25,2,10,0.02,365,5.1,5.1,1,11/27/2021,12/31/2021,10/1/2022,10/31/2022,1,0.5,5,same_doses,0.3,0.3,0.3,0.3,0,12/31/2023,1,1.05,1.05,9,9,9,9,9,9,9,365,365,366,365,365,365,102,rq2_lmic_drift,0.103687081651056,0.36152700186421255,3.1804021615713367,1.6593148444896824,34.51428287017532,581.3760329248341,75.24835745857536,366.457174120638,0.09092243952375802,0.02105839765119326,0.44
LMIC,1000000,Present,3,Oxford-AstraZeneca,9,4/1/2021,0.25,3,10,0.02,365,5.1,5.1,1,11/27/2021,12/31/2021,10/1/2022,10/31/2022,1,0.5,5,same_doses,0.3,0.3,0.3,0.3,0,12/31/2023,1,1.05,1.05,9,9,9,9,9,9,9,365,365,366,365,365,365,103,rq2_lmic_drift,0.103687081651056,0.36152700186421255,3.1804021615713367,1.6593148444896824,34.51428287017532,581.3760329248341,75.24835745857536,366.457174120638,0.09092243952375802,0.02105839765119326,0.44
LMIC,1000000,Present,3,Oxford-AstraZeneca,9,4/1/2021,0.25,4,10,0.02,365,5.1,5.1,1,11/27/2021,12/31/2021,10/1/2022,10/31/2022,1,0.5,5,same_doses,0.3,0.3,0.3,0.3,0,12/31/2023,1,1.05,1.05,9,9,9,9,9,9,9,365,365,366,365,365,365,104,rq2_lmic_drift,0.103687081651056,0.36152700186421255,3.1804021615713367,1.6593148444896824,34.51428287017532,581.3760329248341,75.24835745857536,366.457174120638,0.09092243952375802,0.02105839765119326,0.44
LMIC,1000000,Present,3,Oxford-AstraZeneca,9,4/1/2021,0.25,5,10,0.02,365,5.1,5.1,1,11/27/2021,12/31/2021,10/1/2022,10/31/2022,1,0.5,5,same_doses,0.3,0.3,0.3,0.3,0,12/31/2023,1,1.05,1.05,9,9,9,9,9,9,9,365,365,366,365,365,365,105,rq2_lmic_drift,0.103687081651056,0.36152700186421255,3.1804021615713367,1.6593148444896824,34.51428287017532,581.3760329248341,75.24835745857536,366.457174120638,0.09092243952375802,0.02105839765119326,0.44
LMIC,1000000,Present,3,Oxford-AstraZeneca,9,4/1/2021,0.25,6,10,0.02,365,5.1,5.1,1,11/27/2021,12/31/2021,10/1/2022,10/31/2022,1,0.5,5,same_doses,0.3,0.3,0.3,0.3,0,12/31/2023,1,1.05,1.05,9,9,9,9,9,9,9,365,365,366,365,365,365,106,rq2_lmic_drift,0.103687081651056,0.36152700186421255,3.1804021615713367,1.6593148444896824,34.51428287017532,581.3760329248341,75.24835745857536,366.457174120638,0.09092243952375802,0.02105839765119326,0.44
LMIC,1000000,Present,3,Oxford-AstraZeneca,9,4/1/2021,0.25,7,10,0.02,365,5.1,5.1,1,11/27/2021,12/31/2021,10/1/2022,10/31/2022,1,0.5,5,same_doses,0.3,0.3,0.3,0.3,0,12/31/2023,1,1.05,1.05,9,9,9,9,9,9,9,365,365,366,365,365,365,107,rq2_lmic_drift,0.103687081651056,0.36152700186421255,3.1804021615713367,1.6593148444896824,34.51428287017532,581.3760329248341,75.24835745857536,366.457174120638,0.09092243952375802,0.02105839765119326,0.44
LMIC,1000000,Present,3,Oxford-AstraZeneca,9,4/1/2021,0.25,8,10,0.02,365,5.1,5.1,1,11/27/2021,12/31/2021,10/1/2022,10/31/2022,1,0.5,5,same_doses,0.3,0.3,0.3,0.3,0,12/31/2023,1,1.05,1.05,9,9,9,9,9,9,9,365,365,366,365,365,365,108,rq2_lmic_drift,0.103687081651056,0.36152700186421255,3.1804021615713367,1.6593148444896824,34.51428287017532,581.3760329248341,75.24835745857536,366.457174120638,0.09092243952375802,0.02105839765119326,0.44
LMIC,1000000,Present,3,Oxford-AstraZeneca,9,4/1/2021,0.25,9,10,0.02,365,5.1,5.1,1,11/27/2021,12/31/2021,10/1/2022,10/31/2022,1,0.5,5,same_doses,0.3,0.3,0.3,0.3,0,12/31/2023,1,1.05,1.05,9,9,9,9,9,9,9,365,365,366,365,365,365,109,rq2_lmic_drift,0.103687081651056,0.36152700186421255,3.1804021615713367,1.6593148444896824,34.51428287017532,581.3760329248341,75.24835745857536,366.457174120638,0.09092243952375802,0.02105839765119326,0.44
LMIC,1000000,Present,3,Oxford-AstraZeneca,9,4/1/2021,0.25,10,10,0.02,365,5.1,5.1,1,11/27/2021,12/31/2021,10/1/2022,10/31/2022,1,0.5,5,same_doses,0.3,0.3,0.3,0.3,0,12/31/2023,1,1.05,1.05,9,9,9,9,9,9,9,365,365,366,365,365,365,110,rq2_lmic_drift,0.103687081651056,0.36152700186421255,3.1804021615713367,1.6593148444896824,34.51428287017532,581.3760329248341,75.24835745857536,366.457174120638,0.09092243952375802,0.02105839765119326,0.44
LMIC,1000000,Present,3,Oxford-AstraZeneca,9,4/1/2021,0.25,11,10,0.02,365,5.1,5.1,1,11/27/2021,12/31/2021,10/1/2022,10/31/2022,1,0.5,5,same_doses,0.3,0.3,0.3,0.3,0,12/31/2023,1,1.05,1.05,9,9,9,9,9,9,9,365,365,366,365,365,365,111,rq2_lmic_drift,0.103687081651056,0.36152700186421255,3.1804021615713367,1.6593148444896824,34.51428287017532,581.3760329248341,75.24835745857536,366.457174120638,0.09092243952375802,0.02105839765119326,0.44
LMIC,1000000,Present,3,Oxford-AstraZeneca,9,4/1/2021,0.25,12,10,0.02,365,5.1,5.1,1,11/27/2021,12/31/2021,10/1/2022,10/31/2022,1,0.5,5,same_doses,0.3,0.3,0.3,0.3,0,12/31/2023,1,1.05,1.05,9,9,9,9,9,9,9,365,365,366,365,365,365,112,rq2_lmic_drift,0.103687081651056,0.36152700186421255,3.1804021615713367,1.6593148444896824,34.51428287017532,581.3760329248341,75.24835745857536,366.457174120638,0.09092243952375802,0.02105839765119326,0.44
LMIC,1000000,Present,3,Oxford-AstraZeneca,9,4/1/2021,0.25,13,10,0.02,365,5.1,5.1,1,11/27/2021,12/31/2021,10/1/2022,10/31/2022,1,0.5,5,same_doses,0.3,0.3,0.3,0.3,0,12/31/2023,1,1.05,1.05,9,9,9,9,9,9,9,365,365,366,365,365,365,113,rq2_lmic_drift,0.103687081651056,0.36152700186421255,3.1804021615713367,1.6593148444896824,34.51428287017532,581.3760329248341,75.24835745857536,366.457174120638,0.09092243952375802,0.02105839765119326,0.44
LMIC,1000000,Present,3,Oxford-AstraZeneca,9,4/1/2021,0.25,14,10,0.02,365,5.1,5.1,1,11/27/2021,12/31/2021,10/1/2022,10/31/2022,1,0.5,5,same_doses,0.3,0.3,0.3,0.3,0,12/31/2023,1,1.05,1.05,9,9,9,9,9,9,9,365,365,366,365,365,365,114,rq2_lmic_drift,0.103687081651056,0.36152700186421255,3.1804021615713367,1.6593148444896824,34.51428287017532,581.3760329248341,75.24835745857536,366.457174120638,0.09092243952375802,0.02105839765119326,0.44
LMIC,1000000,Present,3,Oxford-AstraZeneca,9,4/1/2021,0.25,15,10,0.02,365,5.1,5.1,1,11/27/2021,12/31/2021,10/1/2022,10/31/2022,1,0.5,5,same_doses,0.3,0.3,0.3,0.3,0,12/31/2023,1,1.05,1.05,9,9,9,9,9,9,9,365,365,366,365,365,365,115,rq2_lmic_drift,0.103687081651056,0.36152700186421255,3.1804021615713367,1.6593148444896824,34.51428287017532,581.3760329248341,75.24835745857536,366.457174120638,0.09092243952375802,0.02105839765119326,0.44
LMIC,1000000,Present,3,Oxford-AstraZeneca,9,4/1/2021,0.25,16,10,0.02,365,5.1,5.1,1,11/27/2021,12/31/2021,10/1/2022,10/31/2022,1,0.5,5,same_doses,0.3,0.3,0.3,0.3,0,12/31/2023,1,1.05,1.05,9,9,9,9,9,9,9,365,365,366,365,365,365,116,rq2_lmic_drift,0.103687081651056,0.36152700186421255,3.1804021615713367,1.6593148444896824,34.51428287017532,581.3760329248341,75.24835745857536,366.457174120638,0.09092243952375802,0.02105839765119326,0.44
LMIC,1000000,Present,3,Oxford-AstraZeneca,9,4/1/2021,0.25,17,10,0.02,365,5.1,5.1,1,11/27/2021,12/31/2021,10/1/2022,10/31/2022,1,0.5,5,same_doses,0.3,0.3,0.3,0.3,0,12/31/2023,1,1.05,1.05,9,9,9,9,9,9,9,365,365,366,365,365,365,117,rq2_lmic_drift,0.103687081651056,0.36152700186421255,3.1804021615713367,1.6593148444896824,34.51428287017532,581.3760329248341,75.24835745857536,366.457174120638,0.09092243952375802,0.02105839765119326,0.44
LMIC,1000000,Present,3,Oxford-AstraZeneca,9,4/1/2021,0.25,18,10,0.02,365,5.1,5.1,1,11/27/2021,12/31/2021,10/1/2022,10/31/2022,1,0.5,5,same_doses,0.3,0.3,0.3,0.3,0,12/31/2023,1,1.05,1.05,9,9,9,9,9,9,9,365,365,366,365,365,365,118,rq2_lmic_drift,0.103687081651056,0.36152700186421255,3.1804021615713367,1.6593148444896824,34.51428287017532,581.3760329248341,75.24835745857536,366.457174120638,0.09092243952375802,0.02105839765119326,0.44
LMIC,1000000,Present,3,Oxford-AstraZeneca,9,4/1/2021,0.25,19,10,0.02,365,5.1,5.1,1,11/27/2021,12/31/2021,10/1/2022,10/31/2022,1,0.5,5,same_doses,0.3,0.3,0.3,0.3,0,12/31/2023,1,1.05,1.05,9,9,9,9,9,9,9,365,365,366,365,365,365,119,rq2_lmic_drift,0.103687081651056,0.36152700186421255,3.1804021615713367,1.6593148444896824,34.51428287017532,581.3760329248341,75.24835745857536,366.457174120638,0.09092243952375802,0.02105839765119326,0.44
LMIC,1000000,Present,3,Oxford-AstraZeneca,9,4/1/2021,0.25,20,10,0.02,365,5.1,5.1,1,11/27/2021,12/31/2021,10/1/2022,10/31/2022,1,0.5,5,same_doses,0.3,0.3,0.3,0.3,0,12/31/2023,1,1.05,1.05,9,9,9,9,9,9,9,365,365,366,365,365,365,120,rq2_lmic_drift,0.103687081651056,0.36152700186421255,3.1804021615713367,1.6593148444896824,34.51428287017532,581.3760329248341,75.24835745857536,366.457174120638,0.09092243952375802,0.02105839765119326,0.44
LMIC,1000000,Present,3,Oxford-AstraZeneca,9,4/1/2021,0.25,21,10,0.02,365,5.1,5.1,1,11/27/2021,12/31/2021,10/1/2022,10/31/2022,1,0.5,5,same_doses,0.3,0.3,0.3,0.3,0,12/31/2023,1,1.05,1.05,9,9,9,9,9,9,9,365,365,366,365,365,365,121,rq2_lmic_drift,0.103687081651056,0.36152700186421255,3.1804021615713367,1.6593148444896824,34.51428287017532,581.3760329248341,75.24835745857536,366.457174120638,0.09092243952375802,0.02105839765119326,0.44
LMIC,1000000,Present,3,Oxford-AstraZeneca,9,4/1/2021,0.25,22,10,0.02,365,5.1,5.1,1,11/27/2021,12/31/2021,10/1/2022,10/31/2022,1,0.5,5,same_doses,0.3,0.3,0.3,0.3,0,12/31/2023,1,1.05,1.05,9,9,9,9,9,9,9,365,365,366,365,365,365,122,rq2_lmic_drift,0.103687081651056,0.36152700186421255,3.1804021615713367,1.6593148444896824,34.51428287017532,581.3760329248341,75.24835745857536,366.457174120638,0.09092243952375802,0.02105839765119326,0.44
LMIC,1000000,Present,3,Oxford-AstraZeneca,9,4/1/2021,0.25,23,10,0.02,365,5.1,5.1,1,11/27/2021,12/31/2021,10/1/2022,10/31/2022,1,0.5,5,same_doses,0.3,0.3,0.3,0.3,0,12/31/2023,1,1.05,1.05,9,9,9,9,9,9,9,365,365,366,365,365,365,123,rq2_lmic_drift,0.103687081651056,0.36152700186421255,3.1804021615713367,1.6593148444896824,34.51428287017532,581.3760329248341,75.24835745857536,366.457174120638,0.09092243952375802,0.02105839765119326,0.44
LMIC,1000000,Present,3,Oxford-AstraZeneca,9,4/1/2021,0.25,24,10,0.02,365,5.1,5.1,1,11/27/2021,12/31/2021,10/1/2022,10/31/2022,1,0.5,5,same_doses,0.3,0.3,0.3,0.3,0,12/31/2023,1,1.05,1.05,9,9,9,9,9,9,9,365,365,366,365,365,365,124,rq2_lmic_drift,0.103687081651056,0.36152700186421255,3.1804021615713367,1.6593148444896824,34.51428287017532,581.3760329248341,75.24835745857536,366.457174120638,0.09092243952375802,0.02105839765119326,0.44
LMIC,1000000,Present,3,Oxford-AstraZeneca,9,4/1/2021,0.25,25,10,0.02,365,5.1,5.1,1,11/27/2021,12/31/2021,10/1/2022,10/31/2022,1,0.5,5,same_doses,0.3,0.3,0.3,0.3,0,12/31/2023,1,1.05,1.05,9,9,9,9,9,9,9,365,365,366,365,365,365,125,rq2_lmic_drift,0.103687081651056,0.36152700186421255,3.1804021615713367,1.6593148444896824,34.51428287017532,581.3760329248341,75.24835745857536,366.457174120638,0.09092243952375802,0.02105839765119326,0.44
LMIC,1000000,Present,3,Oxford-AstraZeneca,9,4/1/2021,0.25,26,10,0.02,365,5.1,5.1,1,11/27/2021,12/31/2021,10/1/2022,10/31/2022,1,0.5,5,same_doses,0.3,0.3,0.3,0.3,0,12/31/2023,1,1.05,1.05,9,9,9,9,9,9,9,365,365,366,365,365,365,126,rq2_lmic_drift,0.103687081651056,0.36152700186421255,3.1804021615713367,1.6593148444896824,34.51428287017532,581.3760329248341,75.24835745857536,366.457174120638,0.09092243952375802,0.02105839765119326,0.44
LMIC,1000000,Present,3,Oxford-AstraZeneca,9,4/1/2021,0.25,27,10,0.02,365,5.1,5.1,1,11/27/2021,12/31/2021,10/1/2022,10/31/2022,1,0.5,5,same_doses,0.3,0.3,0.3,0.3,0,12/31/2023,1,1.05,1.05,9,9,9,9,9,9,9,365,365,366,365,365,365,127,rq2_lmic_drift,0.103687081651056,0.36152700186421255,3.1804021615713367,1.6593148444896824,34.51428287017532,581.3760329248341,75.24835745857536,366.457174120638,0.09092243952375802,0.02105839765119326,0.44
LMIC,1000000,Present,3,Oxford-AstraZeneca,9,4/1/2021,0.25,28,10,0.02,365,5.1,5.1,1,11/27/2021,12/31/2021,10/1/2022,10/31/2022,1,0.5,5,same_doses,0.3,0.3,0.3,0.3,0,12/31/2023,1,1.05,1.05,9,9,9,9,9,9,9,365,365,366,365,365,365,128,rq2_lmic_drift,0.103687081651056,0.36152700186421255,3.1804021615713367,1.6593148444896824,34.51428287017532,581.3760329248341,75.24835745857536,366.457174120638,0.09092243952375802,0.02105839765119326,0.44
LMIC,1000000,Present,3,Oxford-AstraZeneca,9,4/1/2021,0.25,29,10,0.02,365,5.1,5.1,1,11/27/2021,12/31/2021,10/1/2022,10/31/2022,1,0.5,5,same_doses,0.3,0.3,0.3,0.3,0,12/31/2023,1,1.05,1.05,9,9,9,9,9,9,9,365,365,366,365,365,365,129,rq2_lmic_drift,0.103687081651056,0.36152700186421255,3.1804021615713367,1.6593148444896824,34.51428287017532,581.3760329248341,75.24835745857536,366.457174120638,0.09092243952375802,0.02105839765119326,0.44
LMIC,1000000,Present,3,Oxford-AstraZeneca,9,4/1/2021,0.25,30,10,0.02,365,5.1,5.1,1,11/27/2021,12/31/2021,10/1/2022,10/31/2022,1,0.5,5,same_doses,0.3,0.3,0.3,0.3,0,12/31/2023,1,1.05,1.05,9,9,9,9,9,9,9,365,365,366,365,365,365,130,rq2_lmic_drift,0.103687081651056,0.36152700186421255,3.1804021615713367,1.6593148444896824,34.51428287017532,581.3760329248341,75.24835745857536,366.457174120638,0.09092243952375802,0.02105839765119326,0.44
LMIC,1000000,Present,3,Oxford-AstraZeneca,9,4/1/2021,0.25,31,10,0.02,365,5.1,5.1,1,11/27/2021,12/31/2021,10/1/2022,10/31/2022,1,0.5,5,same_doses,0.3,0.3,0.3,0.3,0,12/31/2023,1,1.05,1.05,9,9,9,9,9,9,9,365,365,366,365,365,365,131,rq2_lmic_drift,0.103687081651056,0.36152700186421255,3.1804021615713367,1.6593148444896824,34.51428287017532,581.3760329248341,75.24835745857536,366.457174120638,0.09092243952375802,0.02105839765119326,0.44
LMIC,1000000,Present,3,Oxford-AstraZeneca,9,4/1/2021,0.25,32,10,0.02,365,5.1,5.1,1,11/27/2021,12/31/2021,10/1/2022,10/31/2022,1,0.5,5,same_doses,0.3,0.3,0.3,0.3,0,12/31/2023,1,1.05,1.05,9,9,9,9,9,9,9,365,365,366,365,365,365,132,rq2_lmic_drift,0.103687081651056,0.36152700186421255,3.1804021615713367,1.6593148444896824,34.51428287017532,581.3760329248341,75.24835745857536,366.457174120638,0.09092243952375802,0.02105839765119326,0.44
LMIC,1000000,Present,3,Oxford-AstraZeneca,9,4/1/2021,0.25,33,10,0.02,365,5.1,5.1,1,11/27/2021,12/31/2021,10/1/2022,10/31/2022,1,0.5,5,same_doses,0.3,0.3,0.3,0.3,0,12/31/2023,1,1.05,1.05,9,9,9,9,9,9,9,365,365,366,365,365,365,133,rq2_lmic_drift,0.103687081651056,0.36152700186421255,3.1804021615713367,1.6593148444896824,34.51428287017532,581.3760329248341,75.24835745857536,366.457174120638,0.09092243952375802,0.02105839765119326,0.44
LMIC,1000000,Present,3,Oxford-AstraZeneca,9,4/1/2021,0.25,34,10,0.02,365,5.1,5.1,1,11/27/2021,12/31/2021,10/1/2022,10/31/2022,1,0.5,5,same_doses,0.3,0.3,0.3,0.3,0,12/31/2023,1,1.05,1.05,9,9,9,9,9,9,9,365,365,366,365,365,365,134,rq2_lmic_drift,0.103687081651056,0.36152700186421255,3.1804021615713367,1.6593148444896824,34.51428287017532,581.3760329248341,75.24835745857536,366.457174120638,0.09092243952375802,0.02105839765119326,0.44
LMIC,1000000,Present,3,Oxford-AstraZeneca,9,4/1/2021,0.25,35,10,0.02,365,5.1,5.1,1,11/27/2021,12/31/2021,10/1/2022,10/31/2022,1,0.5,5,same_doses,0.3,0.3,0.3,0.3,0,12/31/2023,1,1.05,1.05,9,9,9,9,9,9,9,365,365,366,365,365,365,135,rq2_lmic_drift,0.103687081651056,0.36152700186421255,3.1804021615713367,1.6593148444896824,34.51428287017532,581.3760329248341,75.24835745857536,366.457174120638,0.09092243952375802,0.02105839765119326,0.44
LMIC,1000000,Present,3,Oxford-AstraZeneca,9,4/1/2021,0.25,36,10,0.02,365,5.1,5.1,1,11/27/2021,12/31/2021,10/1/2022,10/31/2022,1,0.5,5,same_doses,0.3,0.3,0.3,0.3,0,12/31/2023,1,1.05,1.05,9,9,9,9,9,9,9,365,365,366,365,365,365,136,rq2_lmic_drift,0.103687081651056,0.36152700186421255,3.1804021615713367,1.6593148444896824,34.51428287017532,581.3760329248341,75.24835745857536,366.457174120638,0.09092243952375802,0.02105839765119326,0.44
LMIC,1000000,Present,3,Oxford-AstraZeneca,9,4/1/2021,0.25,37,10,0.02,365,5.1,5.1,1,11/27/2021,12/31/2021,10/1/2022,10/31/2022,1,0.5,5,same_doses,0.3,0.3,0.3,0.3,0,12/31/2023,1,1.05,1.05,9,9,9,9,9,9,9,365,365,366,365,365,365,137,rq2_lmic_drift,0.103687081651056,0.36152700186421255,3.1804021615713367,1.6593148444896824,34.51428287017532,581.3760329248341,75.24835745857536,366.457174120638,0.09092243952375802,0.02105839765119326,0.44
LMIC,1000000,Present,3,Oxford-AstraZeneca,9,4/1/2021,0.25,38,10,0.02,365,5.1,5.1,1,11/27/2021,12/31/2021,10/1/2022,10/31/2022,1,0.5,5,same_doses,0.3,0.3,0.3,0.3,0,12/31/2023,1,1.05,1.05,9,9,9,9,9,9,9,365,365,366,365,365,365,138,rq2_lmic_drift,0.103687081651056,0.36152700186421255,3.1804021615713367,1.6593148444896824,34.51428287017532,581.3760329248341,75.24835745857536,366.457174120638,0.09092243952375802,0.02105839765119326,0.44
LMIC,1000000,Present,3,Oxford-AstraZeneca,9,4/1/2021,0.25,39,10,0.02,365,5.1,5.1,1,11/27/2021,12/31/2021,10/1/2022,10/31/2022,1,0.5,5,same_doses,0.3,0.3,0.3,0.3,0,12/31/2023,1,1.05,1.05,9,9,9,9,9,9,9,365,365,366,365,365,365,139,rq2_lmic_drift,0.103687081651056,0.36152700186421255,3.1804021615713367,1.6593148444896824,34.51428287017532,581.3760329248341,75.24835745857536,366.457174120638,0.09092243952375802,0.02105839765119326,0.44
LMIC,1000000,Present,3,Oxford-AstraZeneca,9,4/1/2021,0.25,40,10,0.02,365,5.1,5.1,1,11/27/2021,12/31/2021,10/1/2022,10/31/2022,1,0.5,5,same_doses,0.3,0.3,0.3,0.3,0,12/31/2023,1,1.05,1.05,9,9,9,9,9,9,9,365,365,366,365,365,365,140,rq2_lmic_drift,0.103687081651056,0.36152700186421255,3.1804021615713367,1.6593148444896824,34.51428287017532,581.3760329248341,75.24835745857536,366.457174120638,0.09092243952375802,0.02105839765119326,0.44
LMIC,1000000,Present,3,Oxford-AstraZeneca,9,4/1/2021,0.25,41,10,0.02,365,5.1,5.1,1,11/27/2021,12/31/2021,10/1/2022,10/31/2022,1,0.5,5,same_doses,0.3,0.3,0.3,0.3,0,12/31/2023,1,1.05,1.05,9,9,9,9,9,9,9,365,365,366,365,365,365,141,rq2_lmic_drift,0.103687081651056,0.36152700186421255,3.1804021615713367,1.6593148444896824,34.51428287017532,581.3760329248341,75.24835745857536,366.457174120638,0.09092243952375802,0.02105839765119326,0.44
LMIC,1000000,Present,3,Oxford-AstraZeneca,9,4/1/2021,0.25,42,10,0.02,365,5.1,5.1,1,11/27/2021,12/31/2021,10/1/2022,10/31/2022,1,0.5,5,same_doses,0.3,0.3,0.3,0.3,0,12/31/2023,1,1.05,1.05,9,9,9,9,9,9,9,365,365,366,365,365,365,142,rq2_lmic_drift,0.103687081651056,0.36152700186421255,3.1804021615713367,1.6593148444896824,34.51428287017532,581.3760329248341,75.24835745857536,366.457174120638,0.09092243952375802,0.02105839765119326,0.44
LMIC,1000000,Present,3,Oxford-AstraZeneca,9,4/1/2021,0.25,43,10,0.02,365,5.1,5.1,1,11/27/2021,12/31/2021,10/1/2022,10/31/2022,1,0.5,5,same_doses,0.3,0.3,0.3,0.3,0,12/31/2023,1,1.05,1.05,9,9,9,9,9,9,9,365,365,366,365,365,365,143,rq2_lmic_drift,0.103687081651056,0.36152700186421255,3.1804021615713367,1.6593148444896824,34.51428287017532,581.3760329248341,75.24835745857536,366.457174120638,0.09092243952375802,0.02105839765119326,0.44
LMIC,1000000,Present,3,Oxford-AstraZeneca,9,4/1/2021,0.25,44,10,0.02,365,5.1,5.1,1,11/27/2021,12/31/2021,10/1/2022,10/31/2022,1,0.5,5,same_doses,0.3,0.3,0.3,0.3,0,12/31/2023,1,1.05,1.05,9,9,9,9,9,9,9,365,365,366,365,365,365,144,rq2_lmic_drift,0.103687081651056,0.36152700186421255,3.1804021615713367,1.6593148444896824,34.51428287017532,581.3760329248341,75.24835745857536,366.457174120638,0.09092243952375802,0.02105839765119326,0.44
LMIC,1000000,Present,3,Oxford-AstraZeneca,9,4/1/2021,0.25,45,10,0.02,365,5.1,5.1,1,11/27/2021,12/31/2021,10/1/2022,10/31/2022,1,0.5,5,same_doses,0.3,0.3,0.3,0.3,0,12/31/2023,1,1.05,1.05,9,9,9,9,9,9,9,365,365,366,365,365,365,145,rq2_lmic_drift,0.103687081651056,0.36152700186421255,3.1804021615713367,1.6593148444896824,34.51428287017532,581.3760329248341,75.24835745857536,366.457174120638,0.09092243952375802,0.02105839765119326,0.44
LMIC,1000000,Present,3,Oxford-AstraZeneca,9,4/1/2021,0.25,46,10,0.02,365,5.1,5.1,1,11/27/2021,12/31/2021,10/1/2022,10/31/2022,1,0.5,5,same_doses,0.3,0.3,0.3,0.3,0,12/31/2023,1,1.05,1.05,9,9,9,9,9,9,9,365,365,366,365,365,365,146,rq2_lmic_drift,0.103687081651056,0.36152700186421255,3.1804021615713367,1.6593148444896824,34.51428287017532,581.3760329248341,75.24835745857536,366.457174120638,0.09092243952375802,0.02105839765119326,0.44
LMIC,1000000,Present,3,Oxford-AstraZeneca,9,4/1/2021,0.25,47,10,0.02,365,5.1,5.1,1,11/27/2021,12/31/2021,10/1/2022,10/31/2022,1,0.5,5,same_doses,0.3,0.3,0.3,0.3,0,12/31/2023,1,1.05,1.05,9,9,9,9,9,9,9,365,365,366,365,365,365,147,rq2_lmic_drift,0.103687081651056,0.36152700186421255,3.1804021615713367,1.6593148444896824,34.51428287017532,581.3760329248341,75.24835745857536,366.457174120638,0.09092243952375802,0.02105839765119326,0.44
LMIC,1000000,Present,3,Oxford-AstraZeneca,9,4/1/2021,0.25,48,10,0.02,365,5.1,5.1,1,11/27/2021,12/31/2021,10/1/2022,10/31/2022,1,0.5,5,same_doses,0.3,0.3,0.3,0.3,0,12/31/2023,1,1.05,1.05,9,9,9,9,9,9,9,365,365,366,365,365,365,148,rq2_lmic_drift,0.103687081651056,0.36152700186421255,3.1804021615713367,1.6593148444896824,34.51428287017532,581.3760329248341,75.24835745857536,366.457174120638,0.09092243952375802,0.02105839765119326,0.44
LMIC,1000000,Present,3,Oxford-AstraZeneca,9,4/1/2021,0.25,49,10,0.02,365,5.1,5.1,1,11/27/2021,12/31/2021,10/1/2022,10/31/2022,1,0.5,5,same_doses,0.3,0.3,0.3,0.3,0,12/31/2023,1,1.05,1.05,9,9,9,9,9,9,9,365,365,366,365,365,365,149,rq2_lmic_drift,0.103687081651056,0.36152700186421255,3.1804021615713367,1.6593148444896824,34.51428287017532,581.3760329248341,75.24835745857536,366.457174120638,0.09092243952375802,0.02105839765119326,0.44
LMIC,1000000,Present,3,Oxford-AstraZeneca,9,4/1/2021,0.25,50,10,0.02,365,5.1,5.1,1,11/27/2021,12/31/2021,10/1/2022,10/31/2022,1,0.5,5,same_doses,0.3,0.3,0.3,0.3,0,12/31/2023,1,1.05,1.05,9,9,9,9,9,9,9,365,365,366,365,365,365,150,rq2_lmic_drift,0.103687081651056,0.36152700186421255,3.1804021615713367,1.6593148444896824,34.51428287017532,581.3760329248341,75.24835745857536,366.457174120638,0.09092243952375802,0.02105839765119326,0.44
